Occasion,proportion
Casual,0.2727272727272727
Business,0.18181818181818182
nan,0.18181818181818182
Formal,0.09090909090909091
"Casual, Sport",0.09090909090909091
Swim,0.045454545454545456
"Casual, Swim",0.045454545454545456
"Formal, Business",0.045454545454545456
"Casual, Business",0.045454545454545456
