Season,proportion
All,0.36363636363636365
Winter,0.22727272727272727
Summer,0.18181818181818182
Fall,0.09090909090909091
Spring,0.09090909090909091
"Spring, Fall",0.045454545454545456
